Iteration;Result Matrix;Event 0;Event 1;Event 2;Event 3;Execution Time
0;3.35585e+07 3.35585e+07 3.35585e+07 3.35585e+07 3.35585e+07 3.35585e+07 3.35585e+07 3.35585e+07 3.35585e+07 3.35585e+07 ;70341593413;142706621694;11578055928;142706621694;336.005
1;3.35585e+07 3.35585e+07 3.35585e+07 3.35585e+07 3.35585e+07 3.35585e+07 3.35585e+07 3.35585e+07 3.35585e+07 3.35585e+07 ;70341261244;142609576043;11570848316;142609576043;340.405
2;3.35585e+07 3.35585e+07 3.35585e+07 3.35585e+07 3.35585e+07 3.35585e+07 3.35585e+07 3.35585e+07 3.35585e+07 3.35585e+07 ;70340911990;142640711890;11564665827;142640711890;338.838
Average;;70341255549;142652303209;11571190024;142652303209;338.416
