Iteration;Result Matrix;Event 0;Event 1;Event 2;Event 3;Execution Time
0;5.24339e+07 5.24339e+07 5.24339e+07 5.24339e+07 5.24339e+07 5.24339e+07 5.24339e+07 5.24339e+07 5.24339e+07 5.24339e+07 ;137422136460;291684357377;18575524557;291684357377;621.92
