Iteration;Result Matrix;Event 0;Event 1;Event 2;Event 3;Execution Time
0;3.35585e+07 3.35585e+07 3.35585e+07 3.35585e+07 3.35585e+07 3.35585e+07 3.35585e+07 3.35585e+07 3.35585e+07 3.35585e+07 ;77403794361;259698281225;16139481191;259698281225;302.675
1;3.35585e+07 3.35585e+07 3.35585e+07 3.35585e+07 3.35585e+07 3.35585e+07 3.35585e+07 3.35585e+07 3.35585e+07 3.35585e+07 ;77393587622;262945593283;16217189487;262945593283;299.694
2;3.35585e+07 3.35585e+07 3.35585e+07 3.35585e+07 3.35585e+07 3.35585e+07 3.35585e+07 3.35585e+07 3.35585e+07 3.35585e+07 ;77385447251;265021222498;16276258845;265021222498;298.111
Average;;77394276411;262555032335;16210976508;262555032335;300.16
