Iteration;Execution Time
0;0.45696931
1;0.437953945
2;0.437243809
Average;0.444055688