Iteration;Execution Time
0;0.483023096
1;0.464657865
2;0.095033398
Average;0.34757145300000003