Iteration;Execution Time
0;2.838525319
1;2.772517944
2;2.776053315
Average;2.795698859333333