Iteration;Execution Time
0;8.970452096
1;9.387678169
2;8.869151065
Average;9.075760443333333