Iteration;Execution Time
0;13.820818319
1;13.60660275
2;13.700236813
Average;13.709219294