Iteration;Execution Time
0;1.258835346
1;1.24267072
2;1.222520129
Average;1.2413420650000002