Iteration;Execution Time
0;5.338709313
1;5.286205619
2;5.279871528
Average;5.301595486666667