Iteration;Result Matrix;Event 0;Event 1;Event 2;Event 3;Execution Time
0;1.88774e+07 1.88774e+07 1.88774e+07 1.88774e+07 1.88774e+07 1.88774e+07 1.88774e+07 1.88774e+07 1.88774e+07 1.88774e+07 ;59397126817;55332587122;8328384308;55332587122;184.174
1;1.88774e+07 1.88774e+07 1.88774e+07 1.88774e+07 1.88774e+07 1.88774e+07 1.88774e+07 1.88774e+07 1.88774e+07 1.88774e+07 ;59383068695;55036807609;8285947551;55036807609;187.71
2;1.88774e+07 1.88774e+07 1.88774e+07 1.88774e+07 1.88774e+07 1.88774e+07 1.88774e+07 1.88774e+07 1.88774e+07 1.88774e+07 ;59355857095;54586233794;8188734875;54586233794;213.094
Average;;59378684202;54985209508;8267688911;54985209508;194.993
