Iteration;Result Matrix;Event 0;Event 1;Event 2;Event 3;Execution Time
0;1.88774e+07 1.88774e+07 1.88774e+07 1.88774e+07 1.88774e+07 1.88774e+07 1.88774e+07 1.88774e+07 1.88774e+07 1.88774e+07 ;59541205292;59336910967;9179420774;59336910967;144.748
1;1.88774e+07 1.88774e+07 1.88774e+07 1.88774e+07 1.88774e+07 1.88774e+07 1.88774e+07 1.88774e+07 1.88774e+07 1.88774e+07 ;59480972379;57236590602;8823218935;57236590602;145.793
2;1.88774e+07 1.88774e+07 1.88774e+07 1.88774e+07 1.88774e+07 1.88774e+07 1.88774e+07 1.88774e+07 1.88774e+07 1.88774e+07 ;59480693810;57108412059;8800543220;57108412059;144.198
Average;;59500957160;57893971209;8934394310;57893971209;144.913
