Iteration;Result Matrix;Event 0;Event 1;Event 2;Event 3;Execution Time
0;8.39066e+06 8.39066e+06 8.39066e+06 8.39066e+06 8.39066e+06 8.39066e+06 8.39066e+06 8.39066e+06 8.39066e+06 8.39066e+06 ;17583461716;16221341573;2922320841;16221341573;58.1481
1;8.39066e+06 8.39066e+06 8.39066e+06 8.39066e+06 8.39066e+06 8.39066e+06 8.39066e+06 8.39066e+06 8.39066e+06 8.39066e+06 ;17583256673;16213768168;2919541399;16213768168;58.6191
2;8.39066e+06 8.39066e+06 8.39066e+06 8.39066e+06 8.39066e+06 8.39066e+06 8.39066e+06 8.39066e+06 8.39066e+06 8.39066e+06 ;17589607790;16342309063;2939559265;16342309063;57.2954
Average;;17585442060;16259139601;2927140502;16259139601;58.0209
