Iteration;Result Matrix;Event 0;Event 1;Event 2;Event 3;Execution Time
0;3.35585e+07 3.35585e+07 3.35585e+07 3.35585e+07 3.35585e+07 3.35585e+07 3.35585e+07 3.35585e+07 3.35585e+07 3.35585e+07 ;140626624391;129891344645;19353297579;129891344645;589.345
