Iteration;Result Matrix;Event 0;Event 1;Event 2;Event 3;Execution Time
0;3.35585e+07 3.35585e+07 3.35585e+07 3.35585e+07 3.35585e+07 3.35585e+07 3.35585e+07 3.35585e+07 3.35585e+07 3.35585e+07 ;140935728894;136493114266;20781586367;136493114266;340.914
1;3.35585e+07 3.35585e+07 3.35585e+07 3.35585e+07 3.35585e+07 3.35585e+07 3.35585e+07 3.35585e+07 3.35585e+07 3.35585e+07 ;140943158591;136871553583;20738262015;136871553583;342.303
2;3.35585e+07 3.35585e+07 3.35585e+07 3.35585e+07 3.35585e+07 3.35585e+07 3.35585e+07 3.35585e+07 3.35585e+07 3.35585e+07 ;140945953958;136934518126;20749063917;136934518126;340.886
Average;;140941613814;136766395325;20756304100;136766395325;341.367
