Iteration;Result Matrix;Event 0;Event 1;Event 2;Event 3;Execution Time
0;1.88774e+07 1.88774e+07 1.88774e+07 1.88774e+07 1.88774e+07 1.88774e+07 1.88774e+07 1.88774e+07 1.88774e+07 1.88774e+07 ;30591560369;79907995499;5459075505;79907995499;109.783
1;1.88774e+07 1.88774e+07 1.88774e+07 1.88774e+07 1.88774e+07 1.88774e+07 1.88774e+07 1.88774e+07 1.88774e+07 1.88774e+07 ;30589919864;79914792561;5461490103;79914792561;109.721
2;1.88774e+07 1.88774e+07 1.88774e+07 1.88774e+07 1.88774e+07 1.88774e+07 1.88774e+07 1.88774e+07 1.88774e+07 1.88774e+07 ;30592541663;79893784541;5459895565;79893784541;110.628
Average;;30591340632;79905524200;5460153724;79905524200;110.044
