Iteration;Result Matrix;Event 0;Event 1;Event 2;Event 3;Execution Time
0;3.35585e+07 3.35585e+07 3.35585e+07 3.35585e+07 3.35585e+07 3.35585e+07 3.35585e+07 3.35585e+07 3.35585e+07 3.35585e+07 ;72676419507;170423450211;10646617153;170423450211;391.048
1;3.35585e+07 3.35585e+07 3.35585e+07 3.35585e+07 3.35585e+07 3.35585e+07 3.35585e+07 3.35585e+07 3.35585e+07 3.35585e+07 ;72675982638;170372650738;10641538655;170372650738;390.147
2;3.35585e+07 3.35585e+07 3.35585e+07 3.35585e+07 3.35585e+07 3.35585e+07 3.35585e+07 3.35585e+07 3.35585e+07 3.35585e+07 ;72677230708;170383116056;10637069633;170383116056;389.7
Average;;72676544284;170393072335;10641741814;170393072335;390.298
