Iteration,Result Matrix,Event 0,Event 1,Event 2,Event 3,Execution Time
0,5.24339e+07 5.24339e+07 5.24339e+07 5.24339e+07 5.24339e+07 5.24339e+07 5.24339e+07 5.24339e+07 5.24339e+07 5.24339e+07 ,141628113459,369683952628,24925958374,369683952628,511.031
1,5.24339e+07 5.24339e+07 5.24339e+07 5.24339e+07 5.24339e+07 5.24339e+07 5.24339e+07 5.24339e+07 5.24339e+07 5.24339e+07 ,141598446489,370383562328,25026968341,370694012324,509.077
