Iteration;Execution Time
0;9.908524547
1;9.860863039
2;9.85671343
Average;9.875367005333333