Iteration;Execution Time
0;149.234573208
1;152.733036438
2;150.575082971
Average;150.84756420566669