Iteration;Execution Time
0;54.53083467
1;54.811356341
2;55.416110136
Average;54.91943371566666