Iteration;Execution Time
0;94.04555743
1;95.348762397
2;97.477652061
Average;95.62399062933333