Iteration;Execution Time
0;0.638808988
1;0.628015742
2;0.281853509
Average;0.5162260796666667