Iteration;Execution Time
0;27.101349958
1;27.263987899
2;27.206125862
Average;27.190487906333335