Iteration;Execution Time
0;1.475738506
1;1.462741503
2;1.48766618
Average;1.4753820629999999