Iteration;Execution Time
0;10.612439075
1;10.341849106
2;10.698938986
Average;10.551075722333332